Latitude,Longitude
26.834,81.008
26.828,81.014
26.84,81.009
26.828,81.002
26.834,81.033
26.826,81.011
26.835,81.008
26.839,81.026
26.835,81.026
26.841,81.015
26.835,81.008
26.833,81.026
26.835,81.014
26.838,81.009
26.846,81.061
26.844,81.031
26.845,81.042
26.845,81.031
26.843,81.016
26.842,81.016
26.841,81.01
26.831,81.045
26.832,80.999
26.825,81.012
26.834,81.031
26.84,81.025
26.836,81.022
26.839,81.026
26.839,81.026
26.848,81.048
26.833,81.036
26.843,81.024
26.839,81.026
26.84,81.025
26.838,81.038
26.831,81.052
26.827,81.042
26.831,81.052
26.841,81.001
26.835,81.007
26.836,81.022
26.847,81.039
26.851,81.049
26.836,81
26.837,81.024
26.825,81.028
26.841,81.022
26.84,81.009
26.847,81.06
26.838,80.989
26.843,81.025
26.845,81.02
26.842,81.029
26.825,81.012
26.836,81.01
26.844,81.038
26.827,81.046
26.835,81.022
26.839,81.017
26.839,81.026
26.844,81.008
26.847,81.031
26.84,81.001
26.819,81.015
26.822,81.018
26.825,81.012
26.842,81.008
26.847,81.027
26.838,81.008
26.844,81.011
26.84,81.021
26.845,81.061
26.818,81.018
26.837,81.024
26.84,81.025
26.84,81.001
26.826,81.011
26.836,81.022
26.843,81.031
26.835,81.008
26.85,81.036
26.834,81.011
26.84,81.025
26.847,81.028
26.842,81.047
26.84,80.996
26.835,81.014
26.839,81.026
26.848,81.035
26.834,81.007
26.844,81.041
26.849,81.03
26.823,81.015
26.83,81.032
26.826,81.012
26.833,81.019
26.834,81.008
26.825,81.027
26.832,81.031
26.839,81
26.835,81.012
26.844,81.01
26.834,81.011
26.834,81.011
26.845,81.027
26.829,81.008
26.844,81.016
26.836,81.008
26.833,81.028
26.836,81.025
26.834,81.008
26.841,81
26.838,81
26.839,81.026
26.836,81.002
26.842,81.017
26.839,81.026
26.837,81.031
26.837,81.031
26.834,81.011
26.85,81.044
26.835,81.014
26.839,81.019
26.834,81.008
26.838,81.028
26.841,81.002
26.826,81.002
26.835,81.037
26.833,81.022
26.842,81.009
26.836,81.023
26.837,81.02
26.821,81.012
26.84,81.051
26.838,81.008
26.839,81.026
26.839,81
26.832,81.018
26.839,81.014
26.84,81.012
26.844,81.01
26.839,81.028
26.833,81.022
26.839,81.026
26.85,81.048
26.842,81.047
26.836,81.009
26.836,81.009
26.851,81.048
26.835,81.018
26.827,81.016
26.835,81.002
26.835,81.008
26.842,81.027
26.837,81.01
26.852,81.042
26.837,80.999
26.841,81.023
26.841,81.023
26.843,81.015
26.838,81.009
26.83,81.008
26.826,81.011
26.839,81.026
26.836,81.02
26.839,81.026
26.834,81.019
26.833,81.028
26.846,81.061
26.848,81.036
26.833,81.019
26.844,81.01
26.832,81.022
26.829,81.017
26.829,81.053
26.829,81.053
26.839,81.026
26.837,81.014
26.837,81.016
26.835,81.017
26.845,81.016
26.839,81.026
26.837,81.024
26.837,81.016
26.851,81.049
26.852,81.051
26.851,81.049
26.834,81.011
26.826,81.006
26.841,81.022
26.839,81
26.845,81.063
26.834,81.016
26.835,81.008
26.839,80.997
26.85,81.034
26.84,81.025
26.843,81.033
26.846,81.027
26.839,81.026
26.839,81.02
26.83,81.017
26.833,81.036
26.839,81.026
26.834,81.007
26.838,81.02
26.837,81.016
26.83,81.002
26.823,81.014
26.823,81.014
26.831,81.024
26.847,81.028
26.821,81.012
26.839,81.026
26.837,81.02
26.826,81.011
26.851,81.041
26.837,81.024
26.841,81.015
26.843,81.016
26.839,81.004
26.84,81.025
26.843,81.013
26.829,81.006
26.839,81.026
26.839,81.026
26.839,81.028
26.839,81.026
26.847,81.039
26.839,81
26.837,81.008
26.835,81.04
26.834,81.011
26.828,81.002
26.834,81.006
26.839,81.026
26.837,81.02
26.839,81.026
26.841,81.022
26.842,81.037
26.839,81.02
26.833,81.022
26.833,81.022
26.842,81.063
26.827,81.055
26.83,81.015
26.844,81.062
26.846,81.06
26.836,81.009
26.825,81.026
26.835,81.028
26.834,81.007
26.833,81.019
26.833,81.004
26.833,81.024
26.839,81.027
26.835,81.022
26.828,81.024
26.825,81.012
26.826,81.014
26.838,81.061
26.832,81.019
26.833,81.019
26.849,81.039
26.834,81.011
26.844,81.062
26.841,81.002
26.833,81.017
26.821,81.012
26.832,81.01
26.838,81.001
26.849,81.039
26.839,81.026
26.818,81.015
26.831,81.022
26.834,81.011
26.846,81.02
26.834,81.011
26.838,81.009
26.839,81.026
26.825,81.044
26.854,81.042
26.84,81.025
26.835,81.014
26.835,81.014
26.835,81.008
26.825,81.013
26.824,81.014
26.848,81.028
26.85,81.046
26.834,81.006
26.846,81.02
26.839,81
26.836,81.026
26.846,81.022
26.834,81.011
26.838,81.008
26.839,81.028
26.839,81.026
26.846,81.022
26.839,81.026
26.838,81
26.833,81.036
26.835,81.008
26.834,81.011
26.839,81.055
26.842,81.027
26.839,81.027
26.825,81.015
26.85,81.051
26.826,81.044
26.846,81.061
26.851,81.049
26.84,81.025
26.839,81.026
26.825,81.013
26.839,81.026
26.852,81.042
26.844,81.011
26.836,81.012
26.835,81.014
26.828,81.038
26.834,81.011
26.838,81.03
26.836,81.016
26.852,81.04
26.833,81.021
26.837,81.024
26.826,81.011
26.838,81.011
26.827,81.042
26.823,81.027
26.834,81.008
26.826,81.017
26.825,81.026
26.835,81.008
26.844,81.041
26.844,81.042
26.839,81.018
26.843,81.033
26.829,81.004
26.836,81.008
26.841,81.025
26.839,81.026
26.853,81.041
26.835,81.008
26.84,81.028
26.844,81.066
26.853,81.04
26.829,81.053
26.833,81.016
26.825,81.015
26.839,81.044
26.843,81.047
26.838,81.008
26.839,81.026
26.838,81.001
26.835,81.008
26.839,81.026
26.823,81.013
26.826,81.005
26.826,81.014
26.828,81.014
26.839,81.028
26.839,81.026
26.837,81.01
26.844,81.041
26.825,81.012
26.823,81.014
26.839,81.026
26.833,81.019
26.839,81.028
26.839,81.026
26.829,81.053
26.839,81.001
26.837,81.021
26.84,81.027
26.85,81.035
26.844,81.043
26.84,81.025
26.826,81.011
26.842,81.033
26.839,81.004
26.828,81.015
26.824,81.014
26.831,81.052
26.832,81.019
26.835,81.008
26.849,81.054
26.845,81.042
26.843,81.024
26.841,81.022
26.835,81.008
26.842,81.027
26.839,81.003
26.844,81.031
26.842,81
26.844,81.031
26.84,81.016
26.841,81.014
26.826,81.025
26.83,81.002
26.826,81.011
26.825,81.012
26.839,81.025
26.825,81.015
26.845,81.032
26.837,81.015
26.831,81.014
26.841,81.022
26.849,81.054
26.84,81.028
26.85,81.035
26.834,81.011
26.839,81.026
26.824,81.013
26.851,81.036
26.839,81.017
26.83,81.013
26.834,81.011
26.825,81.012
26.835,81.008
26.832,81.008
26.839,81.018
26.841,81.023
26.835,81.014
26.849,81.033
26.853,81.04
26.825,81.026
26.839,81.001
26.852,81.05
26.84,80.996
26.841,81
26.848,81.045
26.84,81.027
26.827,81.055
26.845,81.046
26.834,81.011
26.842,81
26.838,81.062
26.841,81.022
26.829,81.046
26.833,81.019
26.831,81.052
26.842,81
26.839,81.014
26.833,81.059
26.839,81.014
26.839,81.026
26.825,81.027
26.846,81.027
26.838,81.008
26.845,81.03
26.85,81.041
26.834,81.011
26.833,81.021
26.852,81.042
26.852,81.042
26.847,81.039
26.836,81.007
26.831,80.998
26.835,81.007
26.842,81.018
26.835,81.014
26.842,81.033
26.841,81.022
26.839,81.026
26.823,81.014
26.834,81.008
26.839,81.026
26.833,81.028
26.833,81.028
26.842,81.025
26.846,81.027
26.843,81.027
26.839,81.044
26.834,81.011
26.839,81.026
26.826,81.011
26.84,81.017
26.842,81.007
26.825,81.01
26.827,81.055
26.829,81.053
26.841,81.023
26.839,81.028
26.834,81.011
26.832,81.01
26.846,81.02
26.844,81.041
26.844,81.011
26.831,81.026
26.85,81.052
26.825,81.027
26.852,81.05
26.836,81.017
26.843,81.015
26.834,81.03
26.847,81.028
26.839,81.019
26.839,81.027
26.842,81.007
26.838,81.001
26.841,81.051
26.845,81.027
26.835,81.014
26.839,81.026
26.843,81.03
26.834,81.011
26.836,81.017
26.844,81.063
26.845,81.027
26.839,81.026
26.842,81.015
26.84,81.021
26.826,81.011
26.836,81.017
26.839,81.026
26.839,81.026
26.836,81
26.839,81.026
26.838,81.008
26.835,81.008
26.841,81.015
26.841,81
26.842,81.027
26.836,81.009
26.835,81.01
26.836,81.009
26.836,81.012
26.836,81.008
26.839,81.026
26.845,81.022
26.838,81.009
26.818,81.014
26.835,81.008
26.845,81.032
26.826,81.011
26.846,81.045
26.843,81.01
26.848,81.027
26.85,81.036
26.833,81.006
26.844,81.038
26.834,81.011
26.844,81.024
26.834,81.016
26.826,81.025
26.834,81.011
26.834,81.011
26.834,81.011
26.839,81.001
26.833,81.022
26.839,81.026
26.835,81.008
26.841,81.003
26.826,81.011
26.844,81.049
26.826,81.048
26.83,81.013
26.833,80.985
26.827,81.046
26.823,81.016
26.834,81.011
26.834,81.048
26.826,81.011
26.839,81.004
26.842,81.027
26.848,81.045
26.839,81.027
26.83,81.018
26.834,81.016
26.839,81.026
26.838,80.999
26.839,81.026
26.839,81.026
26.842,81.022
26.835,81.009
26.83,81.052
26.839,81.026
26.846,81.037
26.842,81.033
26.835,81.008
26.839,81.026
26.837,81.008
26.84,80.998
26.828,81.013
26.826,81.011
26.841,81.022
26.841,81
26.85,81.051
26.839,81.027
26.845,81.044
26.825,81.015
26.842,81.029
26.832,81.018
26.833,81.028
26.839,81.031
26.831,81.008
26.839,81.01
26.833,81.036
26.839,81.026
26.842,81.008
26.831,81.014
26.844,81.041
26.852,81.042
26.835,81.001
26.842,81.021
26.839,81.026
26.839,81.001
26.839,81.013
26.84,81.025
26.836,81.008
26.84,81.026
26.84,81.026
26.837,81.016
26.842,81.017
26.837,81.009
26.839,81
26.835,81.008
26.85,81.048
26.83,81.019
26.844,81.062
26.825,81.026
26.847,81.054
26.825,81.028
26.848,81.048
26.825,81.027
26.835,81.024
26.833,81.022
26.847,81.028
26.847,81.048
26.845,81.031
26.837,81.008
26.839,81.026
26.839,81.027
26.836,81.025
26.833,81.044
26.842,81.062
26.835,81.014
26.836,81.001
26.835,81.014
26.837,81.016
26.834,81.008
26.844,81.01
26.835,81.014
26.843,81.024
26.835,81.012
26.835,81.002
26.84,81.009
26.83,81.046
26.834,81.011
26.839,81.026
26.844,81.048
26.821,81.012
26.835,81.014
26.839,81
26.825,81.026
26.837,81.024
26.834,81.011
26.839,81.001
26.831,81.008
26.837,81.016
26.838,81.014
26.85,81.034
26.835,81.008
26.836,81
26.827,81.055
26.85,81.034
26.84,81.025
26.827,81.044
26.823,81.046
26.827,81.046
26.841,81.017
26.823,81.014
26.829,81.016
26.821,81.011
26.821,81.011
26.837,80.999
26.843,81.024
26.844,81.034
26.836,81.028
26.825,81.021
26.843,81.024
26.839,81.026
26.843,81.016
26.844,81.01
26.839,81.031
26.84,81.022
26.838,81.01
26.84,81.054
26.823,81.046
26.84,81.025
26.833,81.019
26.84,81.025
26.834,81.006
26.837,81.016
26.839,81.026
26.835,81.008
26.838,81.011
26.834,81.011
26.844,81.034
26.836,81.02
26.823,81.045
26.818,81.011
26.843,81.033
26.839,81.008
26.844,81.011
26.833,81.02
26.842,80.991
26.853,81.019
26.842,80.996
26.848,80.987
26.847,80.988
26.852,80.99
26.856,81.007
26.851,81.005
26.836,81.01
26.849,81.013
26.852,81
26.854,81.003
26.848,80.996
26.858,80.994
26.851,81.005
26.854,81.011
26.851,81.008
26.849,81.012
26.854,80.993
26.865,80.975
26.845,80.998
26.851,81.018
26.852,80.99
26.852,80.99
26.853,81
26.844,80.987
26.851,81.008
26.854,80.983
26.846,81.004
26.846,81.001
26.852,80.988
26.852,80.99
26.842,80.99
26.847,81.003
26.849,80.98
26.852,80.999
26.86,80.993
26.854,81.011
26.85,81.009
26.849,81.011
26.851,81.015
26.852,80.992
26.856,80.996
26.842,80.991
26.845,80.989
26.853,80.989
26.848,81.001
26.844,81.009
26.844,81.009
26.856,80.992
26.851,80.994
26.854,81.001
26.864,80.976
26.862,80.977
26.847,81.003
26.852,80.99
26.849,80.995
26.854,80.991
26.861,80.985
26.846,80.985
26.847,80.995
26.853,81.013
26.851,81.004
26.847,80.993
26.843,80.998
26.855,80.991
26.846,81.004
26.853,80.99
26.848,80.996
26.854,81.001
26.854,80.99
26.862,80.984
26.849,80.987
26.848,80.994
26.851,81.02
26.845,80.988
26.857,81.01
26.854,80.992
25.423,79.008
26.847,80.993
26.846,80.996
26.847,80.999
26.861,80.994
26.849,81.014
26.864,80.981
26.854,80.99
26.858,80.971
26.852,80.987
26.849,80.98
26.853,80.974
26.854,80.99
26.854,80.986
26.852,80.998
26.854,81.006
26.852,80.99
26.852,80.99
26.856,80.99
26.856,81.016
26.846,80.998
26.85,80.984
26.85,80.984
26.852,80.997
26.851,80.986
26.851,80.986
26.852,80.99
26.858,80.974
26.854,80.986
26.856,81
26.858,80.996
26.856,81.001
26.851,80.987
26.846,80.998
26.847,80.987
26.852,80.982
26.857,80.975
26.851,81.014
26.852,80.99
26.854,80.99
26.852,80.99
26.854,80.99
26.854,80.986
26.852,80.991
26.858,81.001
26.849,80.997
26.854,81.003
26.849,80.995
26.86,80.986
26.853,80.99
26.848,81.008
26.854,81.001
26.852,81.02
26.861,80.985
26.858,80.99
26.858,80.99
26.846,81.011
26.849,80.987
26.847,81.013
26.849,81.006
26.847,81.003
26.851,81.006
26.848,80.98
26.856,80.983
26.851,81.02
26.857,81.014
26.858,80.997
26.852,80.99
26.849,81.006
26.853,80.99
26.857,80.994
26.844,80.996
26.857,81.014
26.852,81.019
26.849,80.99
26.858,80.989
26.848,80.992
26.845,80.997
26.853,80.989
26.852,80.988
26.857,80.974
26.846,81.011
26.849,80.996
26.861,80.992
26.852,80.994
26.852,80.999
26.855,81.003
26.856,81.005
26.85,80.984
26.853,81
26.846,80.996
26.854,80.992
26.864,80.981
26.851,81.013
26.849,80.995
26.85,81.013
26.849,80.997
26.853,80.998
26.853,80.999
26.852,80.99
26.852,80.99
26.853,80.988
26.852,80.99
26.847,80.987
26.852,80.99
26.854,81.001
26.858,80.984
26.861,80.985
26.852,80.999
26.849,80.996
26.851,81.008
26.853,80.99
26.854,80.99
26.853,80.989
26.849,80.993
26.853,80.99
26.851,80.994
26.861,80.986
26.864,80.981
26.848,80.987
26.858,80.984
26.849,80.996
26.857,80.974
26.852,80.989
26.852,80.99
26.848,81.018
26.858,81.001
26.85,81.01
26.849,81.015
26.86,81.003
26.849,81.014
26.854,80.994
26.856,81.005
26.846,80.994
26.864,80.981
26.854,81.011
26.858,81.001
26.859,80.986
26.853,80.998
26.846,81.005
26.858,80.989
26.854,80.993
26.859,81.006
26.852,80.972
26.852,80.99
26.864,80.981
26.847,81.012
26.858,80.989
26.857,81.008
26.852,81.002
26.851,81.005
26.861,80.986
26.852,80.997
26.842,80.997
26.852,80.99
26.851,80.996
26.851,80.985
26.86,80.991
26.857,80.997
26.849,81.014
26.846,81.004
26.853,80.998
26.852,80.989
26.861,80.985
26.854,80.99
26.854,80.994
26.852,80.99
26.856,80.973
26.85,80.995
26.851,81.02
26.851,81.02
26.842,80.992
26.864,80.981
26.847,81.003
26.857,80.993
26.862,80.994
26.847,80.997
26.843,80.991
26.862,80.983
26.852,81.002
26.851,80.99
26.847,81.003
26.851,80.996
26.848,81.008
26.842,80.997
26.862,80.983
26.848,81.016
26.86,81
26.851,80.996
26.857,81.006
26.855,81.003
26.86,80.986
26.847,81.003
26.856,80.998
26.852,80.99
26.856,81.007
26.851,81.013
26.846,81.013
26.847,80.987
26.856,80.999
26.849,80.997
26.849,80.997
26.858,80.989
26.849,80.996
26.85,80.984
26.858,80.985
26.85,81.02
26.851,81.013
26.859,80.998
26.848,80.992
26.852,80.99
26.851,81.015
26.856,80.998
26.843,80.997
26.859,80.998
26.849,81.014
26.849,80.99
26.848,80.995
26.851,80.988
26.854,80.989
26.861,80.986
26.849,80.995
26.856,80.998
26.847,81.003
26.852,80.99
26.822,81.01
26.852,80.99
26.85,80.983
26.855,81.003
26.843,80.997
26.849,80.987
26.858,80.986
26.853,80.989
26.859,80.975
26.854,80.994
26.85,80.985
26.85,81.005
26.85,80.985
26.857,80.985
26.851,81.005
26.844,81.005
26.843,80.999
26.852,80.99
26.851,80.983
26.856,81.007
26.846,80.998
26.853,81.021
26.846,81.012
26.849,80.996
26.856,80.998
26.846,80.988
26.858,81.003
26.846,81.004
26.858,81.004
26.856,80.998
26.847,81
26.838,81
26.848,81.014
26.849,81.014
26.856,81
26.842,80.996
26.851,80.996
26.851,80.996
26.85,81.013
26.854,81.002
26.849,80.989
26.857,80.997
26.846,81.007
26.842,80.996
26.85,81.013
26.846,81.004
26.852,80.99
26.853,81.001
26.853,80.99
26.859,80.992
26.856,80.989
26.848,80.993
26.854,81.005
26.846,80.997
26.852,80.99
26.842,80.996
26.857,80.997
26.853,81.005
26.851,81.02
26.856,81.007
26.853,81.018
26.86,80.997
26.86,81
26.858,80.986
26.858,80.986
26.858,80.99
26.845,80.995
26.858,80.986
26.849,81.006
26.854,80.999
26.852,80.987
26.852,80.99
26.857,81.014
26.852,80.99
26.85,80.982
26.861,80.993
26.857,80.974
26.851,81.01
26.848,80.997
26.852,81.001
26.841,80.992
26.846,80.997
26.852,80.99
26.855,81.018
26.859,80.986
26.853,80.988
26.856,81
26.851,80.996
26.846,81.004
26.851,80.991
26.854,80.991
26.851,80.983
26.852,80.99
26.842,80.992
26.853,80.997
26.851,80.996
26.863,80.979
26.85,80.985
26.859,80.995
26.86,80.997
26.858,80.989
26.86,80.991
26.845,80.995
26.842,80.997
26.851,80.996
26.846,81.004
26.847,81.005
26.856,81.009
26.857,80.997
26.849,80.986
26.852,80.982
26.842,80.996
26.851,80.987
26.85,80.987
26.85,80.984
26.854,80.99
26.852,80.987
26.842,80.992
26.848,81.005
26.862,80.979
26.857,81.014
26.842,80.997
26.847,80.999
26.859,80.985
26.843,80.998
26.853,80.994
26.844,80.984
26.854,81.001
26.842,80.997
26.847,80.994
26.859,80.989
26.849,80.996
26.847,80.994
26.859,80.994
26.848,80.994
26.851,80.98
26.85,80.982
26.85,80.982
26.851,80.979
26.851,80.98
26.849,80.98
26.853,81.002
26.848,81.017
26.859,80.989
26.856,80.998
26.855,81.003
26.848,81.012
26.845,80.998
26.851,80.996
26.862,80.977
26.853,80.998
26.851,81.02
26.849,80.99
26.851,81.013
26.848,81.001
26.848,81.001
26.855,81.003
26.844,80.987
26.852,80.999
26.853,80.99
26.844,81.005
26.851,80.996
26.846,80.985
26.863,80.987
26.853,80.982
26.854,81.008
26.861,80.994
26.865,80.976
26.859,81.001
26.852,80.99
26.853,81.018
26.851,81.008
26.851,81.008
26.853,81.005
27.303,77.716
26.852,81.002
26.857,81.01
26.858,80.984
26.861,80.986
26.852,80.99
26.845,80.982
26.846,81.012
26.86,81
26.859,80.992
26.846,81.01
26.861,80.993
26.859,80.994
26.851,80.99
26.858,81.009
26.861,80.987
26.843,81.015
26.823,81.014
26.854,81.001
26.844,80.99
26.854,81.006
26.85,80.994
26.853,80.989
25.777,81.739
26.842,80.997
26.858,80.989
26.853,81.005
26.852,80.997
26.839,81.026
26.859,80.972
26.843,80.999
26.852,80.997
26.86,80.991
26.856,80.99
26.851,81.008
26.855,81.003
26.829,81.009
26.853,80.995
26.852,80.99
26.853,80.99
26.857,80.995
26.846,80.995
26.851,80.988
26.842,80.992
26.848,80.996
26.849,80.996
26.85,81.013
26.857,80.997
26.851,81.008
26.854,81.008
26.849,80.997
26.852,80.99
26.857,81.014
26.856,80.998
26.863,80.981
26.861,80.986
26.842,80.991
26.851,80.99
26.854,80.991
26.846,81.008
26.851,80.983
26.852,80.99
26.852,80.99
26.842,80.992
26.844,81.026
26.853,80.974
26.849,80.996
26.854,81.003
26.86,80.99
26.855,81.003
26.852,80.99
26.858,81.005
26.856,81.004
26.849,80.996
26.861,80.986
26.851,81.017
26.843,80.999
26.856,81.001
26.849,81.007
26.844,80.996
26.852,80.99
26.843,81
26.856,80.998
26.852,80.99
26.861,80.986
26.849,80.996
26.846,80.988
26.846,81.004
26.852,80.99
26.854,81.008
26.846,81.009
26.852,80.99
26.858,80.986
26.85,80.993
26.86,80.99
26.857,80.975
26.852,80.997
26.856,81.007
26.858,80.989
26.858,80.989
26.851,81.02
26.857,80.985
26.863,80.986
26.851,81.02
26.852,81
26.853,80.974
26.846,81.004
26.863,80.978
26.862,80.976
26.864,80.981
26.864,80.981
26.855,81.018
26.861,80.995
26.851,81.008
26.854,81.001
26.858,80.989
26.853,81.013
26.856,81.016
26.852,80.99
26.865,80.977
26.851,81.006
26.853,80.992
26.852,80.986
26.858,80.986
26.852,80.99
26.855,81.003
26.846,80.997
26.859,81.004
26.852,80.99
26.851,80.992
26.852,80.99
26.848,80.996
26.859,81.001
26.864,80.981
26.846,80.997
26.842,80.992
26.86,80.992
26.855,81.018
26.838,81.008
26.853,80.99
26.852,80.99
26.861,80.986
26.846,81.001
26.852,80.982
26.849,80.996
26.849,80.996
26.842,80.992
26.847,80.993
26.851,80.983
26.849,80.996
26.851,81.01
26.848,80.997
26.84,80.993
26.86,80.997
26.849,80.996
26.845,80.991
26.85,80.994
26.851,80.99
26.854,80.99
26.858,80.989
26.855,80.997
26.854,80.989
26.856,81.016
26.844,81
26.851,80.987
26.857,81.014
26.852,80.99
26.852,80.99
26.861,80.986
26.852,80.99
26.863,80.987
26.852,80.997
26.842,80.996
26.862,80.977
26.854,80.99
26.86,81.002
26.852,80.99
26.858,80.989
26.849,81
26.849,81.005
26.854,80.99
26.86,80.996
26.844,80.987
26.843,81.015
26.843,81.015
26.842,80.992
26.851,80.994
26.852,80.989
26.853,81
26.844,81
26.85,81.013
26.862,80.987
26.865,80.975
26.852,80.996
26.851,80.996
26.854,81.001
26.845,80.993
26.849,81.007
26.85,81.015
26.849,81.015
26.849,80.989
26.854,80.991
26.842,80.992
26.851,81.015
26.848,80.996
26.859,80.997
26.856,80.998
26.858,80.99
26.852,80.987
26.846,80.998
26.827,81.005
26.852,80.991
26.847,80.98
26.861,80.993
26.853,80.99
26.843,80.993
26.853,80.995
26.864,80.981
26.859,81.005
26.854,80.995
26.857,80.977
26.864,80.981
26.846,80.987
26.845,80.984
26.846,80.989
26.854,80.991
26.859,80.997
26.854,81.006
26.857,81.011
26.847,81.019
26.844,80.994
26.852,80.999
26.853,80.998
26.842,80.997
26.853,80.99
26.862,80.985
26.856,80.995
26.853,80.995
26.856,81.021
26.843,80.985
26.842,80.997
26.857,81.017
26.848,81.006
26.858,80.984
26.852,80.99
26.844,80.987
26.843,80.999
26.859,80.985
26.844,81.011
26.852,80.992
26.855,80.997
26.864,80.976
26.851,81.017
26.852,81.013
26.851,80.999
26.851,80.993
26.851,81.007
26.853,80.989
26.846,80.996
26.853,81.005
26.859,80.985
26.853,80.973
26.858,80.984
26.863,80.978
26.856,80.973
26.858,80.986
26.851,81.008
26.851,80.99
26.853,81.013
26.854,80.991
26.858,80.997
26.86,80.982
26.852,80.99
26.854,80.989
26.864,80.981
26.852,80.99
26.852,80.99
26.857,81.008
26.852,80.99
26.856,80.998
26.861,80.994
26.859,81.001
26.853,81.013
26.864,80.981
26.864,80.982
26.864,80.981
26.859,81.005
26.852,80.992
26.853,80.992
26.848,81.014
26.86,81.002
26.851,81.01
26.86,81.002
26.85,81.007
26.85,80.983
26.849,80.997
26.842,80.991
26.847,81.011
26.863,80.979
26.854,80.995
26.852,80.99
26.846,80.985
26.86,80.991
26.842,80.997
26.848,80.992
26.844,80.984
26.862,80.985
26.855,80.992
26.848,81.014
26.852,80.988
26.85,80.984
26.846,81.004
26.849,81.017
26.846,81.004
26.847,81.004
26.853,80.972
26.852,81.002
26.861,80.997
26.855,81.002
26.859,81.003
26.841,80.992
26.849,80.98
26.849,80.98
26.852,81.002
26.852,80.988
26.842,80.997
26.863,80.977
26.854,81.001
26.853,80.999
26.854,81.001
26.854,81.001
26.854,81.001
26.853,81
26.856,81
26.842,80.992
26.85,80.997
26.852,80.997
26.855,81.004
26.851,81.015
26.856,81.006
26.852,80.982
26.86,81.002
26.853,80.99
26.849,80.995
26.863,80.984
26.854,81.006
26.855,81.003
26.853,80.992
26.857,81.01
26.849,80.996
26.859,81.004
26.864,80.981
26.856,80.998
26.854,81.001
26.848,80.993
26.853,80.99
26.86,80.99
26.853,80.999
26.852,80.99
26.835,81.008
26.852,80.999
26.853,81
26.834,81.008
26.854,80.99
26.842,80.997
26.86,80.99
26.851,81.005
26.842,80.991
26.845,80.993
26.859,80.978
26.861,80.991
26.85,81
26.852,80.99
26.848,81.016
26.851,80.99
26.847,81.006
26.853,80.998
26.848,80.991
26.852,80.99
26.845,81.001
26.848,81.002
26.864,80.981
26.849,81.017
26.852,80.989
26.849,81.01
26.865,80.978
26.849,80.997
26.845,81.01
26.853,80.997
26.854,81.003
26.85,80.986
26.848,80.996
26.853,81.013
26.852,80.982
26.853,81.005
26.843,80.999
26.853,81.005
26.852,80.99
26.852,80.99
26.853,81.013
26.852,80.999
26.859,80.992
26.853,80.994
26.854,80.989
26.859,80.985
26.852,80.983
26.851,80.989
26.852,81.001
26.856,81.016
26.854,80.991
26.855,80.994
26.842,80.994
26.864,80.975
26.852,80.999
26.847,80.985
26.853,80.998
26.849,80.993
26.856,80.973
26.861,80.993
26.856,80.998
26.853,81.005
26.849,81.009
26.859,80.985
26.846,81.011
26.855,80.994
26.857,80.991
26.849,80.987
26.857,81.001
26.857,81.014
26.857,81.014
26.857,81.014
26.851,81.008
26.852,80.99
26.842,80.997
26.852,80.988
26.849,80.996
26.853,80.994
26.854,81.005
29.29,77.458
26.858,80.99
26.851,80.991
26.853,81.005
26.856,81.007
26.842,80.996
26.844,81
26.845,81.007
26.853,80.99
26.852,80.99
26.848,80.996
26.853,80.99
26.86,80.997
26.844,81.009
26.854,81.003
26.852,80.99
26.849,80.996
26.849,81.015
26.853,80.99
26.864,80.981
26.83,81.008
26.851,81.001
26.854,80.999
26.861,80.993
26.853,80.994
26.86,80.986
26.846,80.988
26.851,80.992
26.842,80.991
26.849,80.997
26.846,81.012
26.842,80.996
26.849,80.996
26.854,80.991
26.846,80.984
26.858,80.99
26.851,81.01
26.848,80.992
26.852,80.99
26.852,80.99
26.849,80.994
26.852,80.99
26.852,80.99
26.845,80.995
26.845,80.995
26.854,80.991
26.852,80.991
26.851,80.998
26.851,81.016
26.858,81.007
26.863,80.978
26.861,80.993
26.853,80.99
26.852,80.989
26.865,80.978
26.855,80.994
26.852,80.99
26.851,81.02
26.844,80.984
26.85,80.982
26.846,81.004
26.85,81.015
26.865,80.975
26.848,80.996
26.864,80.981
26.864,80.982
26.864,80.975
26.864,80.975
26.851,80.991
26.85,80.993
26.848,80.994
26.853,80.989
26.864,80.976
26.864,80.976
26.854,80.99
26.864,80.981
26.852,80.99
26.852,81.004
26.854,80.99
26.852,80.99
26.853,80.99
26.834,81.011
26.848,81.001
26.847,81.003
26.85,80.982
26.846,81.004
26.844,81.009
26.852,80.99
26.865,80.975
26.852,80.99
26.852,81.004
26.863,80.977
26.853,80.997
26.856,80.998
26.853,80.994
26.852,80.99
26.85,80.984
26.853,80.991
26.858,80.991
26.851,81.008
26.861,80.993
26.859,81.005
26.854,81.006
26.848,80.998
26.858,80.994
26.849,80.99
26.844,80.979
26.845,81.01
26.842,80.997
26.849,81.006
26.85,81.012
26.85,81.013
26.741,81.263
26.854,80.99
26.851,81
26.851,81.004
26.854,81.008
26.854,81.003
26.853,81.013
26.502,81.509
26.863,80.979
26.843,80.997
26.851,81.015
26.856,80.987
26.853,81.013
26.862,80.988
26.848,81.008
26.853,80.99
26.85,81.016
26.862,80.989
26.851,81.02
26.854,80.99
26.844,81.005
26.851,80.988
26.833,80.988
26.849,80.978
26.862,80.977
26.844,80.984
26.856,80.971
26.845,81.009
26.844,80.99
26.848,81.001
26.848,81.001
26.857,80.997
26.846,81.005
26.845,80.989
26.86,81
26.852,80.987
26.864,80.981
26.85,81.015
26.861,80.985
26.858,80.99
26.852,80.981
26.847,80.979
26.846,80.988
26.852,80.99
26.849,80.99
26.843,80.997
26.852,81.004
26.845,80.995
26.861,80.992
26.862,80.977
26.862,80.977
26.849,80.98
26.847,80.986
26.849,80.996
26.851,80.996
26.852,80.98
26.851,81.001
26.859,80.987
26.849,80.996
26.851,81.008
26.854,80.99
26.848,81.014
26.852,80.99
26.865,80.975
26.863,80.978
26.861,80.992
26.847,81.012
26.847,81.012
26.863,80.981
26.852,80.99
26.848,81.005
26.863,80.976
26.846,81.004
26.854,80.99
26.854,80.99
26.853,80.99
26.854,80.99
26.849,80.995
26.853,80.99
26.852,80.991
26.865,80.976
26.846,81.004
26.86,81.002
26.85,81.015
26.858,80.99
26.857,80.985
26.853,80.973
26.844,80.995
26.858,80.974
26.85,80.991
26.864,80.981
26.854,80.995
26.86,81
26.857,80.999
26.865,80.978
26.849,80.99
26.853,80.98
26.857,81.007
26.852,80.99
26.849,80.979
26.847,80.987
26.854,81.011
26.853,81
26.847,80.996
26.853,81.001
26.849,80.98
26.844,80.987
26.856,81
26.855,81.002
26.859,80.985
26.85,80.984
26.853,80.99
26.857,81.01
26.85,80.994
26.852,80.99
26.851,80.987
26.842,80.991
26.842,80.991
26.842,80.991
26.852,80.99
26.851,80.983
26.852,80.99
26.849,80.996
26.846,80.988
26.852,80.982
26.852,80.99
26.858,80.99
26.863,80.982
26.851,81.008
26.855,81.003
26.847,81.003
26.862,80.986
26.852,80.989
26.852,80.99
26.858,80.989
26.848,80.985
26.848,81.014
26.849,80.996
26.848,80.997
26.857,81.007
26.855,81.003
26.851,81.02
26.852,80.989
26.852,80.99
26.86,80.991
26.848,81.005
26.855,81.008
26.854,80.99
26.865,80.976
26.864,80.977
26.862,80.977
26.851,80.988
26.847,81.001
26.854,81.019
26.839,81.023
26.853,81.013
26.849,80.99
26.844,80.979
26.844,81
26.846,80.997
26.844,81
26.849,80.996
26.842,80.997
26.852,80.99
26.852,80.99
26.851,81.02
26.843,80.997
26.853,81
26.843,80.995
26.852,80.99
26.844,80.983
26.847,80.986
26.851,80.991
26.854,80.994
26.851,80.991
26.864,80.981
26.851,81.015
26.852,80.99
26.845,81.004
26.851,81.01
26.847,81.003
26.864,80.981
26.845,80.995
26.828,81.011
26.856,80.998
26.849,81.015
26.859,81.001
26.842,80.997
26.853,81.004
26.851,81.005
26.847,81.011
26.849,81.015
26.847,80.993
26.849,80.998
26.848,80.987
26.862,80.979
26.858,80.989
26.851,81.007
26.851,81.02
26.851,81.02
26.844,80.987
26.852,81.002
26.849,80.986
26.852,80.99
26.865,80.974
26.846,80.997
26.846,80.996
26.847,81.014
26.855,80.996
26.846,80.994
26.853,81
26.853,80.989
26.861,80.968
26.861,80.986
26.86,80.99
26.864,80.975
26.853,80.99
26.854,80.991
26.845,80.995
26.856,80.983
26.851,81.007
26.851,81.015
26.862,80.994
26.881,81.012
26.865,81.042
26.887,81.059
26.924,81.042
26.852,81.054
26.876,81.055
26.892,81.082
26.853,81.055
26.853,81.055
26.905,81.038
26.875,81.011
26.891,81.045
26.882,81.008
26.884,81.01
26.854,81.034
26.882,81.008
26.925,81.043
26.914,81.06
26.875,81.055
26.878,81.005
26.881,81.018
26.866,81.073
26.898,81.07
26.887,81.059
26.894,81.046
26.898,81.07
26.877,81
26.924,81.043
26.838,81.185
26.859,81.034
26.891,81.046
26.89,81.048
26.905,81.038
26.875,81.011
26.875,81.027
26.875,81.056
26.866,81.041
26.874,81.017
26.876,81.055
26.883,81.03
26.894,81.067
26.859,81.04
26.885,81.037
26.849,81.066
26.849,81.067
26.882,81.008
26.863,81.06
26.883,81.04
26.875,81.011
26.885,81.036
26.879,81.053
26.885,81.012
26.885,81.037
26.88,81.039
26.876,81.055
26.874,81.026
26.885,81.037
26.887,81.034
26.894,81.009
26.876,81.055
26.881,81.04
26.9,81.055
26.893,81.029
26.882,81.002
26.89,81.061
26.87,81.036
26.874,81.004
26.876,81.012
26.862,81.048
26.865,81.039
26.883,81.04
26.922,81.05
26.898,81.088
26.878,81.055
26.853,81.043
26.832,81.072
26.881,81.054
26.855,81.053
26.855,81.026
26.83,81.052
26.876,81.055
26.846,81.065
26.888,81.055
26.875,81.017
26.875,81.011
26.85,81.023
26.853,81.04
26.873,81.038
26.857,81.051
26.877,81.035
26.877,81.035
26.857,81.041
26.859,81.04
26.859,81.04
26.849,81.025
26.885,81.012
26.855,81.031
26.893,81.05
26.887,81.034
26.857,81.041
26.857,81.041
26.874,81.026
26.87,81.036
26.896,81.021
26.876,81.044
26.866,81.048
26.864,81.044
26.874,81.026
26.879,81.019
26.88,81.019
26.877,81.055
26.854,81.04
26.874,81.025
26.885,81.037
26.846,81.066
26.845,81.066
26.865,81.037
26.884,81.016
26.891,81.007
26.88,81
26.888,81.053
26.876,81.054
26.876,81.031
26.874,81.02
26.883,81.039
26.895,81.049
26.883,81.079
26.905,81.057
26.873,81.005
26.883,81.044
26.886,81.051
26.872,81.034
26.873,81.005
26.875,81.028
26.875,81.027
26.881,81.026
26.887,81.059
26.877,81.032
26.875,81.055
26.874,81.026
26.874,81.026
26.878,81.032
26.879,81.033
26.886,81.006
26.892,81.045
26.862,81.037
26.876,81.055
26.883,81.009
26.894,81.015
26.889,81.058
26.846,81.065
26.847,81.064
26.876,81.055
26.913,81.036
26.89,81.038
26.888,81.055
26.857,81.043
26.857,81.041
26.893,81.051
26.854,81.048
26.88,81.039
26.869,81.058
26.869,81.051
26.905,81.038
26.85,81.091
26.85,81.091
26.85,81.091
26.883,81.079
26.895,81.039
26.869,81.029
26.876,81.015
26.874,81.025
26.856,81.043
26.894,81.075
26.877,81.055
26.884,81.02
26.892,81.058
26.894,81.015
26.877,81.035
26.894,81.009
26.924,81.063
26.836,81.063
26.886,81.037
26.872,81.042
26.878,81.035
26.892,81.067
26.892,81.072
26.874,81.026
26.849,81.066
26.873,81.026
26.875,81.024
26.894,81.009
26.875,81.046
26.883,81.057
26.907,81.052
26.885,81.015
26.875,81.036
26.876,81.09
26.875,81.055
26.895,81.044
26.849,81.022
26.875,81.004
26.879,81.033
26.855,81.042
26.852,81.036
26.846,81.064
26.893,81.076
26.85,81.026
26.878,81.018
26.878,81.018
25.431,81.839
26.861,81.04
26.857,81.039
26.85,81.091
26.919,81.063
26.894,81.02
26.89,81.032
26.863,81.035
26.877,81.035
26.877,81.035
26.883,81.02
26.875,81.055
26.872,81.055
26.885,81.016
26.883,81.02
26.857,81.047
26.875,81.055
26.845,81.066
26.845,81.066
26.845,81.066
26.922,81.05
26.891,81.058
26.877,81.035
26.906,81.055
26.876,81.054
26.885,81.016
26.876,81.054
26.874,81.026
26.894,81.068
26.883,81.042
26.865,81.037
26.864,81.047
26.891,81.02
26.874,81.026
26.872,81.034
26.881,81.04
26.879,81.009
26.874,81.022
26.875,81.055
26.878,81.014
26.866,81.065
26.847,81.067
26.881,81.012
26.867,81.065
26.849,81.067
26.846,81.067
26.874,81.027
26.882,81.013
26.848,81.061
26.876,81.013
26.866,81.059
26.869,81.034
26.885,81.053
26.857,81.027
26.891,81.01
26.833,81.036
26.861,81.045
26.89,81.053
26.856,81.053
26.77,82.163
26.885,81.015
26.874,81.026
26.874,81.048
26.887,81.008
26.878,81.002
26.876,81.036
26.871,81.04
26.867,81.039
26.862,81.046
26.893,81.074
26.884,81.046
26.87,81.086
26.887,81.001
26.864,81.05
26.889,81.074
26.86,81.035
26.877,81.061
26.859,81.026
26.848,81.061
26.892,81.078
26.876,81.024
26.852,81.022
26.882,81.027
26.884,81.075
26.874,81.019
26.894,81.067
26.911,81.033
26.874,81.019
26.895,81.077
26.845,81.066
26.85,81.023
26.872,81.03
26.888,81.053
26.845,81.066
26.858,81.046
26.885,81.012
26.879,81.036
26.852,81.052
26.865,81.037
26.886,81.061
26.891,81.045
26.866,81.059
26.863,81.032
26.893,81.06
26.881,81.016
26.873,81.036
26.885,81.016
26.868,81.055
26.86,81.023
26.876,81.055
26.874,81.023
26.845,81.069
26.846,81.065
26.882,81.008
26.883,81.008
26.85,81.027
26.887,81.059
26.849,81.066
26.887,81.059
26.869,81.051
26.882,81.015
26.869,81.058
26.882,81.013
26.888,81.009
26.883,81.079
26.881,81.053
26.877,81.089
26.893,81.051
26.873,81.085
26.845,81.066
26.874,81.026
26.859,81.038
26.907,81.059
26.908,81.086
26.894,81.028
26.889,81.021
26.87,81.043
26.924,81.043
26.884,81.016
26.849,81.066
26.886,81.033
26.878,81.003
26.873,81.002
26.891,81.058
26.895,81.044
26.894,81.077
26.883,81.045
26.887,81.059
26.859,81.022
26.874,81.025
26.883,81.037
26.912,81.029
26.926,81.059
26.89,81.013
26.846,81.067
26.881,81.012
26.892,81.055
26.851,81.023
26.887,81.034
26.888,81.031
26.887,81.034
26.88,81.039
26.892,81.072
26.874,81.026
26.892,81.072
26.893,81.074
26.883,81.079
26.883,81.009
26.883,81.009
26.873,81.038
26.892,81.011
26.89,81.055
26.893,81.073
26.876,81.055
26.892,81.082
26.88,81.025
26.876,81.018
27.581,81.601
26.853,81.04
26.886,81.061
26.908,81.086
26.893,81.054
26.876,81.055
26.92,81.062
26.868,81.047
26.908,81.043
26.867,81.039
26.875,81.011
26.846,81.065
26.843,81.071
26.85,81.025
26.895,81.016
26.876,81.055
26.897,81.091
26.893,81.051
26.846,81.065
26.876,81.055
26.849,81.066
26.884,81.014
26.876,81.055
26.899,81.05
26.923,81.063
26.886,81.039
26.887,81.054
26.884,81.013
26.876,81.055
26.87,81.033
26.872,81.087
26.877,81.035
26.857,81.024
26.86,81.023
26.853,81.055
26.849,81.066
26.874,81.021
26.883,81.039
26.883,81.041
26.876,81.039
26.881,81.011
26.924,81.061
26.854,81.036
26.872,81.037
26.873,81.038
26.88,81.014
26.88,81.039
26.883,81.017
26.903,81.05
26.905,81.038
26.907,81.036
26.892,81.061
26.861,81.04
26.851,81.066
26.874,81.019
26.875,81.014
26.88,81.039
26.887,81.034
26.851,81.066
26.875,81.033
26.887,81.059
26.896,81.087
26.881,81.038
26.876,81.054
26.851,81.066
26.85,81.091
26.85,81.091
26.878,81.034
26.874,81.026
26.876,81.055
26.876,81.054
26.894,81.044
26.876,81.054
26.894,81.009
26.852,81.028
26.88,81.039
26.869,81.057
26.854,81.036
26.876,81.055
26.876,81.055
26.883,81.045
26.851,81.023
26.875,81.011
26.898,81.097
26.861,81.038
26.871,81.03
26.898,81.066
26.854,81.034
26.917,81.066
26.872,81.041
26.876,81.044
26.879,81.029
26.895,81.044
26.847,81.063
26.916,81.064
26.917,81.064
26.866,81.059
26.873,81.002
26.849,81.066
26.882,81.051
26.882,81.074
26.883,81.057
26.85,81.025
26.885,81.037
26.88,81.039
26.873,81.085
26.875,81.036
26.875,81.017
26.862,81.053
26.907,81.052
26.869,81.034
26.857,81.041
26.891,81.068
26.872,81.028
26.873,81.026
26.877,81.035
26.863,81.091
26.877,81.041
26.863,81.091
26.887,81.059
26.893,81.073
26.856,81.041
26.876,81.015
26.915,81.06
26.855,81.053
26.885,81.037
26.887,81.034
26.873,81.003
26.862,81.048
26.856,81.036
26.896,81.067
26.894,81.009
26.878,81.06
26.875,81.015
26.851,81.026
26.892,81.059
26.908,81.051
26.872,81.04
26.875,81.014
26.872,81.04
26.877,81.055
26.891,81.011
26.863,81.033
26.847,81.063
26.875,81.014
26.893,81.085
26.9,81.088
26.873,81.011
26.876,81.027
26.888,81.056
26.878,81.011
26.85,81.091
26.85,81.091
26.875,81.089
26.874,81.019
26.896,81.087
26.883,81.06
26.886,81.056
26.868,81.041
26.873,81.002
26.875,81.055
26.876,81.055
26.877,81.035
26.874,81.026
26.882,81.008
26.876,81.054
26.877,81.035
26.876,81.02
26.857,81.041
26.893,81.026
26.846,81.069
26.887,81.059
26.846,81.064
26.871,81.037
26.876,81.055
26.851,81.031
26.851,81.066
26.895,81.077
26.878,81.014
26.891,81.01
26.877,81.054
26.884,81.008
26.894,81.02
26.894,81.02
26.887,81.019
26.851,81.066
26.85,81.025
26.877,81.055
26.878,81.054
26.851,81.023
26.873,81.085
26.895,81.081
26.884,81.009
26.914,81.042
26.877,81.035
26.877,81.035
26.859,81.026
26.878,81.018
26.874,81.028
26.874,81.03
26.887,81.059
26.876,81.003
26.877,81.035
26.877,81.035
26.883,81.057
26.883,81.057
26.894,81.009
26.878,81.034
26.888,81.088
26.859,81.034
26.885,81.001
26.893,81.059
26.852,81.036
26.851,81.031
26.876,81.015
26.875,81.011
26.878,81.003
26.85,81.02
26.85,81.023
26.875,81.026
26.852,81.028
26.924,81.055
26.873,81.002
26.884,81.053
26.85,81.023
26.88,81.039
26.855,81.033
26.888,81.056
26.853,81.034
26.881,81.032
26.894,81.028
26.885,81.037
26.873,81.033
26.886,81.022
26.886,81.061
26.875,81.009
26.851,81.028
26.875,81.011
26.857,81.041
26.876,81.024
26.874,81.026
26.876,81.025
26.885,81.037
26.884,81.016
26.885,81.016
26.887,81.007
26.905,81.039
26.874,81.022
26.858,81.043
26.853,81.04
26.873,81.038
26.872,81.041
26.872,81.041
26.883,81.057
26.883,81.012
26.892,81.072
26.891,81.057
26.859,81.024
26.886,81.058
26.875,81.055
26.895,81.031
26.849,81.065
26.876,81.024
26.876,81.024
26.885,81.006
26.858,81.027
26.874,81.026
26.907,81.052
26.908,81.051
26.911,81.047
26.862,81.037
26.864,81.033
26.851,81.023
26.887,81.04
26.884,81.014
26.888,81.056
26.876,81.055
26.894,81.009
26.877,81.056
26.87,81.033
26.873,81.031
26.883,81.045
26.851,81.023
26.87,81.033
26.898,81.066
26.856,81.024
26.887,81.059
26.854,81.022
26.885,81.037
26.884,81.076
26.864,81.05
26.91,81.032
26.88,81.039
26.876,81.055
26.892,81.069
26.886,81.052
26.876,81.011
26.874,81.036
26.85,81.022
26.851,81.023
26.891,81.066
26.888,81.009
26.893,81.073
26.876,81.054
26.854,81.021
26.874,81.025
26.898,81.07
26.886,81.034
26.876,81.055
26.873,81.032
26.877,81.035
26.908,81.051
26.91,81.033
26.875,81.021
26.875,81.054
26.875,81.022
26.874,81.004
26.849,81.021
26.885,81.012
26.904,81.055
26.899,81.016
26.846,81.065
26.876,81.054
26.872,81.041
26.878,81.032
26.894,81.075
26.886,81.063
26.874,81.027
26.874,81.03
26.893,81.044
26.893,81.051
26.895,81.049
26.861,81.036
26.867,81.04
26.901,81.069
26.876,81.055
26.909,81.035
26.851,81.066
26.875,81.035
26.864,81.035
26.887,81.059
26.896,81.088
26.874,81.026
26.892,81.072
26.894,81.009
26.876,81.024
26.874,81.02
26.879,81.033
26.876,81.034
26.893,81.044
26.913,81.081
26.874,81.026
26.876,81.053
26.861,81.04
26.862,81.038
26.876,81.053
26.874,81.026
26.858,81.029
26.857,81.047
26.88,81.055
26.855,81.028
26.857,81.028
26.87,81.028
26.849,81.064
26.873,81.036
26.905,81.038
26.904,81.094
26.882,81.037
26.864,81.046
26.87,81.086
26.888,81.027
26.876,81.037
26.877,81.013
26.876,81.055
26.885,81.005
26.868,81.055
26.898,81.088
26.847,81.063
26.86,81.023
26.857,81.047
26.849,81.066
26.881,81.045
26.853,81.049
26.866,81.036
26.881,81.026
26.904,81.093
26.875,81.044
26.891,81.056
26.891,81.007
26.854,81.086
26.874,81.027
26.872,81.036
26.866,81.046
26.922,81.063
26.908,81.041
26.883,81.012
26.877,81.035
26.881,81.04
26.893,81.044
26.875,81.045
26.874,81.026
26.85,81.025
26.876,81.014
26.851,81.023
26.888,81.037
26.897,81.092
26.856,81.043
26.857,81.041
26.883,81.057
26.87,81.031
26.845,81.066
26.896,81.046
26.908,81.051
26.888,81.008
26.905,81.057
26.881,81.04
26.867,81.036
26.895,81.049
26.891,81.058
26.877,81.055
26.855,81.049
26.887,81.061
26.876,81.055
26.861,81.039
26.892,81.048
26.883,81.043
26.861,81.04
26.874,81.026
26.864,81.04
26.933,81.045
26.933,81.045
26.868,81.07
26.892,81.072
26.898,81.044
26.876,81.035
26.882,81.037
26.884,81.038
26.873,81.032
26.873,81.032
26.873,81.036
26.864,81.066
26.877,81.035
26.872,81.031
26.867,81.04
26.892,81.058
26.868,81.073
26.874,81.02
26.868,81.073
26.885,81.012
26.852,81.028
26.866,81.034
26.862,81.05
26.873,81.015
26.858,81.039
26.89,81.079
26.9,81.076
26.894,81.013
26.865,81.037
26.881,81.009
26.879,81.086
26.893,81.076
26.853,81.023
26.896,81.021
26.879,81.024
26.863,81.032
26.91,81.034
26.894,81.009
26.89,81.066
26.873,81.033
26.863,81.035
26.863,81.032
26.863,81.032
26.857,81.041
26.876,81.055
26.876,81.003
26.865,81.043
26.894,81.068
26.878,81.055
26.908,81.051
26.876,81.055
26.857,81.041
26.884,81.041
26.891,81.055
26.849,81.023
26.876,81.09
26.876,81.055
26.859,81.026
26.887,81.017
26.893,81.051
26.881,81.014
26.881,81.012
26.874,81.017
26.924,81.043
26.877,81.035
26.902,81.04
26.876,81.055
26.91,81.033
26.882,81.033
26.885,81.015
26.875,81.054
26.896,81.023
26.89,81.079
26.876,81.022
26.875,81.054
26.92,81.039
26.875,81.055
26.859,81.034
26.852,81.035
26.87,81.036
26.874,81.019
26.861,81.04
26.862,81.032
26.857,81.041
26.913,81.029
26.877,81.035
26.872,81.045
26.877,81.035
26.876,81.054
26.877,81.035
26.92,81.039
26.876,81.055
26.874,81.029
26.9,81.048
26.87,81.086
26.874,81.025
26.865,81.044
26.875,81.024
26.882,81.015
26.881,81.011
26.885,81.016
26.876,81.013
26.88,81.039
26.929,81.038
26.898,81.044
26.835,81.068
26.898,81.085
26.876,81.055
26.876,81.055
26.855,81.053
26.898,81.088
26.884,81.039
26.87,81.036
26.846,81.065
26.877,81.055
26.876,81.052
26.894,81.009
26.894,81.015
26.884,81.002
26.886,81.072
26.875,81.055
26.869,81.057
25.787,83.725
26.877,81.035
26.883,81.057
26.876,81.036
26.907,81.052
26.919,81.064
26.905,81.065
26.875,81.042
26.887,81.059
26.874,81.026
26.886,81.041
26.854,81.034
26.884,81.052
26.877,81.014
26.894,81.009
26.883,81.079
26.837,81.066
26.883,81.057
26.857,81.041
26.877,81.035
26.874,81.026
26.875,81.054
26.879,81.054
26.893,81.044
26.878,81.031
26.885,81.038
26.896,81.032
26.881,81.056
26.91,81.033
26.898,81.088
26.881,81.074
26.857,81.047
26.877,81.035
26.894,81.067
26.874,81.03
26.875,81.015
26.864,81.046
26.876,81.03
26.874,81.028
26.891,81.063
26.874,81.015
26.863,81.038
26.879,81.033
26.854,81.04
26.861,81.04
26.893,81.044
26.881,81.012
26.885,81.005
26.895,81.062
26.888,81.056
26.872,81.034
26.881,81.04
26.896,81.082
26.849,81.061
26.725,81.194
26.864,81.046
26.921,81.051
26.898,81.088
26.874,81.026
26.897,81.091
26.884,81.036
26.884,81.047
26.852,81.036
26.871,81.043
26.877,81.054
26.897,81.079
26.853,81.04
26.888,81.07
26.847,81.063
26.847,81.063
26.864,81.046
26.864,81.046
26.894,81.067
26.874,81.026
26.876,81.015
26.893,81.044
26.893,81.014
26.884,81.036
26.884,81.036
26.878,81.006
26.851,81.023
26.905,81.057
26.854,81.048
26.85,81.032
26.874,81.026
26.874,81.022
26.883,81.04
26.88,81.04
26.849,81.081
26.877,81.035
26.874,81.026
26.885,81.037
26.879,81.008
26.863,81.034
26.894,81.067
26.882,81.008
26.857,81.041
26.879,81.009
26.897,81.067
26.876,81.055
26.87,81.036
26.883,81.034
26.88,81.019
26.875,81.054
26.878,81.055
26.876,81.055
26.917,81.031
26.911,81.029
26.883,81.04
26.874,81.035
26.896,81.045
26.855,81.031
26.897,81.047
26.885,81.037
26.896,81.087
26.879,81.034
26.878,81.055
26.879,81.009
26.855,81.04
26.915,81.049
26.907,81.059
26.895,81.044
26.873,81.033
26.89,81.064
26.876,81.055
26.896,81.023
26.915,81.039
26.907,81.059
26.911,81.05
26.922,81.05
26.887,81.034
26.885,81.034
26.843,81.07
26.879,81.008
26.889,81.056
26.875,81.055
26.909,81.046
26.911,81.054
26.875,81.032
26.851,81.033
26.876,81.055
26.864,81.05
26.893,81.051
26.88,81.034
26.893,81.051
26.875,81.055
26.879,81.017
26.865,81.037
26.891,81.01
26.89,81.009
26.876,81.024
26.889,81.008
26.857,81.043
26.863,81.049
26.876,81.055
26.861,81.045
26.851,81.021
26.922,81.05
26.881,81.012
26.89,81.064
26.905,81.057
26.89,81.051
26.845,81.069
26.891,81.028
26.922,81.061
26.887,81.001
26.885,81.037
26.877,81.035
26.894,81.015
26.853,81.055
26.894,81.055
26.857,81.041
26.892,81.072
26.863,81.052
26.883,81.04
26.855,81.04
26.876,81.055
26.863,81.052
26.892,81.072
26.87,81.047
26.883,81.045
26.877,81.035
26.884,81.023
26.899,81.069
26.87,81.036
26.876,81.055
26.877,81.035
26.876,81.055
26.874,81.024
26.891,81.072
26.854,81.04
26.888,81.071
26.857,81.08
26.883,81.057
26.9,81.084
26.877,81.055
26.876,81.055
26.875,81.093
26.885,81.037
26.873,81.038
26.887,81.059
26.879,81.021
26.873,81.039
26.864,81.046
26.874,81.026
26.874,81.028
26.897,81.035
26.89,81.038
26.891,81.008
26.873,81.085
26.873,81.043
26.859,81.039
26.894,81.028
26.877,81.035
26.922,81.05
26.853,81.021
26.884,81.062
26.877,81.035
26.885,81.012
26.851,81.023
26.87,81.036
26.842,81.079
26.876,81.09
26.883,81.079
26.905,81.057
26.873,81.037
26.891,81.007
26.922,81.05
26.857,81.041
26.865,81.037
26.85,81.024
26.873,81.026
26.863,81.052
26.864,81.035
26.858,81.046
26.881,81.037
26.889,81.034
26.873,81.026
26.896,81.029
26.855,81.056
26.876,81.055
26.875,81.018
26.898,81.026
26.893,81.051
26.893,81.044
26.876,81.055
26.898,81.048
26.881,81.057
26.892,81.072
26.835,81.068
26.851,81.066
26.874,81.019
26.878,81.035
26.873,81.038
26.891,81.083
26.868,81.041
26.867,81.039
26.854,81.04
26.895,81.028
26.893,81.027
26.867,81.039
26.853,81.055
26.87,81.036
26.877,81.035
26.877,81.035
26.877,81.036
26.85,81.025
26.896,81.029
26.864,81.046
26.888,81.07
26.884,81.016
26.874,81.091
26.91,81.033
26.887,81.001
26.886,81.045
26.89,81.009
26.875,81.055
26.88,81.04
26.872,81.029
26.836,81.073
26.885,81.033
26.89,81.009
26.877,81.035
26.875,81.054
26.892,81.059
26.846,81.065
26.846,81.065
26.869,81.051
26.867,81.048
26.885,81.034
26.883,81.04
26.871,81.026
26.907,81.053
26.869,81.058
26.912,81.029
26.875,81.014
26.893,81.059
26.876,81.044
26.875,81.055
26.864,81.046
26.9,81.053
26.869,81.058
26.886,81.059
26.853,81.055
26.91,81.035
26.868,81.043
26.877,81.035
26.849,81.064
26.884,81.016
26.86,81.023
26.859,81.034
26.877,81.027
26.876,81.055
26.882,81.013
26.874,81.008
26.877,81.055
26.877,81.035
26.858,81.042
26.857,81.041
26.88,81.039
26.924,81.04
26.851,81.066
26.914,81.06
26.889,81.044
26.883,81.04
26.881,81.049
26.889,81.009
26.845,81.066
26.894,81.077
26.892,81.075
26.886,81.045
26.884,81.036
26.854,81.04
26.844,81.042
26.88,81.039
26.88,81.055
26.867,81.035
26.865,81.036
26.857,81.082
26.855,81.055
26.857,81.081
26.879,81.015
26.873,81.036
26.888,81.088
26.894,81.015
26.894,81.015
26.874,81.034
26.896,81.031
26.884,81.036
26.876,81.046
26.88,81.039
26.845,81.066
26.845,81.066
26.859,81.024
26.891,81.008
26.896,81.087
26.896,81.087
26.88,81.039
26.916,81.051
26.88,81.039
26.875,81.029
26.875,81.008
26.878,81.003
26.875,81.055
26.876,81.008
26.873,81.039
26.91,81.052
26.886,81.048
26.871,81.06
26.882,81.033
26.884,81.01
26.857,81.08
26.876,81.055
26.876,81.055
26.876,81.05
26.847,81.07
26.849,81.066
26.859,81.044
26.905,81.038
26.864,81.046
26.868,81.047
26.875,81.014
26.879,81.053
26.878,81.043
26.883,81.057
26.876,81.012
26.882,81.05
26.883,81.057
26.922,81.05
26.888,81.015
26.922,81.05
26.874,81.02
26.874,81.027
26.874,81.026
26.877,81.035
26.882,81.02
26.853,81.034
26.873,81.015
26.873,81.032
26.886,81.052
26.849,81.066
26.886,81.072
26.9,81.055
26.887,81.075
26.892,81.072
26.894,81.067
26.89,81.038
26.878,81.055
26.875,81.039
26.887,81.01
26.893,81.012
26.883,81.057
26.896,81.015
26.856,81.043
26.876,81.054
26.895,81.044
26.88,81.014
26.874,81.019
26.855,81.052
26.878,81.03
26.888,81.055
26.876,81.019
26.888,81.055
26.876,81.055
26.899,81.032
26.896,81.023
26.874,81.026
26.885,81.003
26.892,81.051
26.895,81.044
26.891,81.055
26.878,81.054
26.85,81.025
26.921,81.051
26.877,81.056
26.854,81.034
26.847,81.063
26.896,81.087
26.847,81.063
26.847,81.063
26.908,81.051
26.896,81.086
26.884,81.037
26.876,81.055
26.861,81.04
26.889,81.055
26.866,81.036
26.868,81.055
26.882,81.05
26.864,81.046
26.895,81.03
26.897,81.011
26.891,81.006
26.891,81.006
26.881,81.007
26.896,81.087
26.899,81.09
26.88,81.037
26.889,81.006
26.87,81.036
26.89,81.009
26.891,81.006
26.893,81.013
26.893,81.014
26.925,81.061
26.887,81.01
26.869,81.035
26.877,81.035
26.876,81.059
26.874,81.026
26.891,81.006
26.874,81.026
26.874,81.025
26.887,81.003
26.888,81.088
26.873,81.041
26.892,81.006
26.877,81.035
26.881,81.056
26.876,81.055
26.883,81.014
26.892,81.072
26.898,81.044
26.868,81.035
26.874,81.028
26.896,81.075
26.881,81.017
26.905,81.051
26.871,81.043
26.891,81.044
26.891,81.029
26.874,81.015
26.855,81.023
26.843,81.069
26.918,81.041
26.89,81.038
26.888,81.039
26.89,81.038
26.876,81.055
26.881,81.007
26.881,81.007
26.873,81.008
26.847,81.064
26.855,81.053
26.876,81.027
26.89,81.038
26.89,81.065
26.89,81.065
26.876,81.055
26.9,81.055
26.9,81.055
26.855,81.053
26.887,81.088
26.877,81.055
26.863,81.034
26.888,81.048
26.852,81.052
26.877,81.035
26.878,81.003
26.895,81.044
26.885,81.037
26.881,81.046
26.898,81.046
26.883,81.04
26.893,81.051
26.857,81.028
26.886,81.061
26.878,81.019
26.857,81.041
26.88,81.009
26.881,81.006
26.922,81.047
26.893,81.015
26.884,81.008
26.876,81.024
26.881,81.007
26.895,81.063
26.897,81.048
26.878,81.018
26.865,81.037
26.877,81.035
26.897,81.067
26.851,81.031
26.882,81.022
26.873,81.003
26.847,81.063
26.85,81.023
26.889,81.012
26.89,81.009
26.887,81.01
26.871,81.04
26.859,81.04
26.904,81.096
26.887,81.059
26.876,81.023
26.868,81.041
26.88,81.039
26.907,81.059
26.893,81.054
26.896,81.087
26.865,81.037
26.863,81.037
26.896,81.082
26.891,81.068
26.888,81.009
26.851,81.035
26.874,81.023
26.88,81.005
26.877,81.036
26.887,81.055
26.894,81.049
26.87,81.033
26.86,81.023
26.857,81.041
26.892,81.055
26.859,81.04
26.845,81.066
26.907,81.053
26.876,81.055
26.876,81.054
26.893,81.047
26.87,81.034
26.883,81.079
26.856,81.045
26.854,81.04
26.9,81.05
26.848,81.064
26.871,81.043
26.922,81.05
26.881,81.04
26.874,81.007
26.879,81.053
26.879,81.053
26.922,81.05
26.88,81.039
26.89,81.055
26.876,81.054
26.873,81.036
26.874,81.017
26.853,81.047
26.883,81.079
26.877,81.035
26.875,81.055
26.885,81.034
26.873,81.085
26.874,81.035
26.855,81.04
26.881,81.04
26.849,81.066
26.835,81.068
26.851,81.066
26.872,81.033
26.876,81.013
26.876,81.055
26.867,81.034
26.867,81.048
26.868,81.048
26.899,81.087
26.866,81.042
26.87,81.086
26.878,81.055
26.905,81.038
26.877,81.035
26.905,81.038
26.877,81.029
26.86,81.056
26.852,81.031
26.875,81.091
26.889,81.044
26.876,81.055
26.896,81.031
26.889,81.044
26.906,81.023
26.881,81.035
26.89,81.031
26.873,81.038
26.857,81.047
26.898,81.088
26.883,81.02
26.896,81.087
26.874,81.019
26.869,81.028
26.927,81.041
26.924,81.043
26.875,81.037
26.889,81.052
26.849,81.064
26.899,81.014
26.867,81.031
26.877,81.013
26.891,81.059
26.883,81.009
26.835,81.068
26.877,81.037
26.855,81.04
26.835,81.068
26.854,81.04
26.866,81.059
26.893,81.034
26.881,81.04
26.875,81.037
26.877,81.041
26.854,81.05
26.923,81.059
26.876,81.054
26.893,81.062
26.874,81.017
26.847,81.063
26.851,81.033
26.835,81.068
26.893,81.053
26.851,81.033
26.885,81.037
26.855,81.053
26.9,81.02
26.884,81.036
26.922,81.05
26.887,81.059
26.864,81.046
26.892,81.003
26.857,81.028
26.891,81.028
26.876,81.024
26.877,81.035
26.877,81.035
26.887,81.034
26.887,81.061
26.865,81.063
26.893,81.053
26.87,81.036
26.885,81.016
26.865,81.037
26.886,81.018
26.877,81.016
26.926,81.034
26.875,81.014
26.881,81.012
26.92,81.041
26.882,81.015
26.887,81.059
26.878,81.002
26.898,81.014
26.897,81.011
26.847,81.063
26.878,81.019
26.88,81.002
26.873,81.085
26.891,81.038
26.884,81.059
26.877,81.039
26.876,81.055
26.869,81.034
26.87,81.039
26.876,81.054
26.876,81.055
26.876,81.025
26.85,81.023
26.894,81.015
26.896,81.014
26.859,81.026
26.901,81.015
26.873,81.042
26.876,81.055
26.885,81.016
26.876,81.035
26.878,81.014
26.892,81.072
26.892,81.08
26.884,81.052
26.885,81.037
26.883,81.02
26.859,81.026
26.887,81.061
26.884,81.061
26.886,81.049
26.854,81.04
26.91,81.035
26.879,81.017
26.875,81.056
26.89,81.038
26.885,81.037
26.861,81.045
26.887,81.015
26.893,81.01
26.883,81.057
26.892,81.07
26.876,81.093
26.856,81.049
26.876,81.055
26.908,81.086
26.87,81.086
26.888,81.065
26.887,81.016
26.888,81.068
26.861,81.054
26.874,81.028
26.876,81.054
26.848,81.061
26.883,81.057
26.873,81.026
26.885,81.015
26.873,81.038
26.868,81.055
26.905,81.038
26.868,81.047
26.859,81.025
26.885,81.012
26.873,81.036
26.886,81.072
26.877,81.035
26.877,81.03
26.846,81.065
26.87,81.036
26.874,81.035
26.905,81.038
26.857,81.022
26.863,81.046
26.846,81.065
26.885,81.016
26.849,81.066
26.851,81.066
26.851,81.066
26.877,81.055
26.876,81.039
26.897,81.012
26.847,81.036
26.877,81.035
26.859,81.035
26.852,81.022
26.904,81.053
26.893,81.044
26.876,81.027
26.873,81.038
26.883,81.057
26.885,81.012
26.91,81.033
26.874,81.026
26.894,81.009
26.894,81.009
26.891,81.046
26.881,81.018
26.886,81.061
26.886,81.061
26.891,81.008
26.905,81.038
26.873,81.003
26.873,81.003
26.871,81.043
26.885,81.053
26.88,81.054
26.883,81.057
26.839,81.068
26.875,81.091
26.922,81.05
26.89,81.066
26.876,81.054
26.845,81.066
26.874,81.017
26.861,81.04
26.893,81.019
26.891,81.067
26.87,81.046
26.894,81.075
26.891,81.017
26.878,81.035
26.881,81.035
26.89,81.042
26.878,81.001
26.885,81.012
26.889,81.044
26.892,81.049
26.884,81.036
26.914,81.06
26.857,81.026
26.895,81.065
26.876,81.055
26.893,81.046
26.85,81.025
26.897,81.044
26.88,81.039
26.89,81.057
26.857,81.041
26.883,81.051
26.887,81.047
26.893,81.051
26.893,81.051
26.835,81.068
26.898,81.012
26.846,81.071
26.849,81.066
26.873,81.085
26.884,81.033
26.876,81.024
26.913,81.043
26.887,81.047
26.905,81.038
26.873,81.003
26.878,81.003
26.876,81.055
26.914,81.06
26.883,81.081
26.873,81.038
26.891,81.051
26.881,81.04
26.91,81.06
26.875,81.011
26.885,81.015
26.881,81.04
26.895,81.081
26.885,81.015
26.853,81.033
26.85,81.031
26.858,81.028
26.893,81.078
26.85,81.023
26.852,81.028
26.893,81.02
26.922,81.05
26.891,81.058
26.894,81.052
26.893,81.016
26.873,81.036
26.871,81.04
26.876,81.019
26.874,81.019
26.879,81.051
26.885,81.037
26.882,81.008
26.849,81.04
26.877,81.035
26.876,81.035
26.885,81.015
26.908,81.086
26.886,81.036
26.88,81
26.875,81.012
26.88,81.039
26.898,81.051
26.861,81.045
26.92,81.047
26.903,81.096
26.9,81.106
26.884,81.036
26.893,81.051
26.893,81.051
26.893,81.051
26.885,81.036
26.882,81.001
26.87,81.034
26.873,81.036
26.867,81.057
26.873,81.002
26.859,81.026
26.875,81.011
26.883,81.079
26.874,81.026
26.846,81.065
26.873,81.043
26.876,81.089
26.876,81.055
26.836,81.065
26.874,81.027
26.874,81.019
26.875,81.011
26.895,81.067
26.881,81.012
26.892,81.072
26.889,81.013
26.875,81.036
26.877,81.035
26.855,81.04
26.864,81.046
26.876,81.055
26.85,81.025
26.905,81.038
26.876,81.055
26.883,81.079
26.887,81.047
26.897,81.012
26.887,81.059
26.842,81.074
26.854,81.034
26.874,81.041
26.845,81.066
26.882,81.008
26.851,81.066
26.901,81.058
26.896,81.087
26.908,81.038
26.88,81.016
26.869,81.051
26.864,81.046
26.875,81.055
26.885,81.045
26.883,81.046
26.876,81.055
26.886,81.072
26.877,81.035
26.893,81.073
26.886,81.072
26.857,81.049
26.857,81.048
26.881,81.049
26.919,81.064
26.886,81.045
26.873,81.085
26.859,81.026
26.876,81.055
26.898,81.088
26.855,81.053
26.897,81.011
26.883,81.079
26.854,81.04
26.854,81.04
26.853,81.04
26.875,81.033
26.89,81.064
26.861,81.04
26.877,81.035
26.924,81.063
26.876,81.054
26.924,81.044
26.885,81.032
26.885,81.015
26.874,81.025
26.88,81.039
26.894,81.077
26.893,81.073
26.891,81.044
26.885,81.037
26.893,81.044
26.851,81.066
26.884,81.045
26.857,81.041
26.889,81.044
26.883,81.045
26.885,81.037
26.846,81.065
26.864,81.037
26.857,81.043
26.877,81.055
26.882,81.006
26.889,81.009
26.877,81.055
26.846,81.067
26.854,81.04
26.892,81.072
26.854,81.04
26.874,81.026
26.899,81.088
26.896,81.087
26.874,81.008
26.879,81.086
26.848,81.064
26.876,81.055
26.896,81.089
26.877,81
26.894,81.009
26.866,81.07
26.875,81.055
26.876,81.054
26.888,81.088
26.888,81.038
26.92,81.039
26.932,81.04
26.88,81.032
26.922,81.05
26.921,81.051
26.892,81.043
26.886,81.035
26.881,81.045
26.873,81.032
26.849,81.066
26.855,81.053
26.882,81.045
26.855,81.04
26.877,81.017
26.851,81.066
26.886,81.036
26.845,81.066
26.872,81.029
26.876,81.055
26.876,81.055
26.854,81.021
26.85,81.025
26.879,81.005
26.888,81.039
26.898,81.055
26.866,81.07
26.866,81.07
26.89,81.055
26.855,81.053
26.855,81.053
26.929,81.047
26.883,81.02
26.884,81.047
26.892,81.072
26.883,81.081
26.873,81.038
26.866,81.054
26.866,81.054
26.891,81.064
26.875,81.014
26.893,81.044
26.916,81.048
26.879,81.046
26.881,81.046
26.876,81.055
26.881,81.046
26.874,81.017
26.873,81.085
26.877,81.036
26.885,81.006
26.885,81.037
26.851,81.066
26.893,81.073
26.893,81.019
26.908,81.086
26.883,81.043
26.888,81.056
26.851,81.035
26.854,81.033
26.88,81.006
26.854,81.034
26.888,81.056
26.881,81.007
26.886,81.018
26.892,81.071
26.881,81.049
26.849,81.066
26.871,81.026
26.879,81.036
26.899,81.087
26.865,81.037
26.887,81.017
26.898,81.041
26.896,81.015
26.896,81.023
26.876,81.03
26.914,81.042
26.859,81.034
26.888,81.008
26.922,81.05
26.92,81.04
26.922,81.05
26.847,81.063
26.874,81.028
26.875,81.028
26.875,81.015
26.85,81.058
26.854,81.034
26.855,81.041
26.889,81.044
26.922,81.05
26.892,81.072
26.883,81.045
26.891,81.069
26.88,81.059
26.883,81.057
26.883,81.057
26.873,81.029
26.88,81.039
26.877,81.035
26.893,81.058
26.877,81.037
26.857,81.041
26.89,81.006
26.885,81.075
26.874,81.017
26.884,81.019
26.876,81.053
26.89,81.038
26.876,81.055
26.885,81.034
26.894,81.009
26.892,81.057
26.885,81.056
26.888,81.053
26.887,81.034
26.853,81.04
26.878,81.056
26.907,81.059
26.89,81.064
26.89,81.044
26.846,81.065
26.905,81.057
26.896,81.087
26.899,81.087
26.898,81.089
26.885,81.015
26.875,81.054
26.885,81.017
26.887,81.016
26.892,81.072
26.875,81.032
26.89,81.007
26.883,81.02
26.883,81.045
26.897,81.093
26.873,81.038
26.892,81.072
26.895,81.011
26.892,81.072
26.892,81.047
26.86,81.023
26.882,81.006
26.877,81.035
26.896,81.011
26.889,81.055
26.869,81.03
26.881,81.015
26.905,81.057
26.886,81.036
26.895,81.061
26.874,81.026
26.875,81.026
26.919,81.064
26.885,81.034
26.868,81.044
26.877,81.055
26.879,81.033
26.875,81.032
26.887,81.059
26.884,81.036
26.878,81.055
26.874,81.017
26.874,81.025
26.854,81.027
26.924,81.054
26.887,81.059
26.859,81.026
26.875,81.055
26.877,81.054
26.852,81.028
26.828,80.871
26.9,81.014
26.873,81.085
26.892,81.072
26.894,81.015
26.885,81.037
26.88,81.039
26.885,81.03
26.874,81.019
26.874,81.025
26.905,81.038
26.875,81.014
26.893,81.051
26.875,81.054
26.881,81.02
26.837,81.066
26.877,81.015
26.875,81.032
26.916,81.057
26.854,81.027
26.876,81.09
26.878,81.018
26.866,81.059
26.852,81.036
26.846,81.071
26.885,81.037
26.885,81.024
26.864,81.046
26.876,81.054
26.857,81.041
26.896,81.079
26.876,81.041
26.896,81.094
26.893,81.074
26.875,81.054
26.882,81.017
26.914,81.066
26.85,81.091
26.885,81.003
26.879,81.053
26.874,81.047
26.872,81.033
26.866,81.06
26.882,81.02
26.875,81.009
26.912,81.026
26.885,81.015
26.896,81.087
26.882,81.023
26.875,81.026
26.873,81.038
26.921,81.034
26.879,81.019
26.878,81.054
26.876,81.055
26.851,81.021
26.909,81.088
26.89,81.038
26.886,81.041
26.881,81.053
26.879,81.046
26.873,81.002
26.874,81.028
26.885,81.016
26.876,81.055
26.879,81.016
26.855,81.055
26.887,81.047
26.891,81.063
26.898,81.084
26.869,81.057
26.883,81.057
26.896,81.066
26.861,81.045
26.872,81.052
26.859,81.024
26.883,81.034
26.879,81.046
26.901,81.038
26.857,81.045
26.846,81.066
26.897,81.091
26.897,81.018
26.857,81.041
26.898,81.085
26.933,81.045
26.899,81.073
26.886,81.036
26.885,81.037
26.865,81.039
26.886,81.003
26.882,81.019
26.871,81.039
26.863,81.034
26.924,81.063
26.895,81.085
26.874,81.034
26.894,81.08
26.884,81.036
26.88,81.039
26.876,81.055
26.892,81.056
26.893,81.051
26.876,81.055
26.876,81.055
26.854,81.04
26.862,81.037
26.865,81.043
26.89,81.068
26.874,81.019
26.877,81.035
26.877,81.035
26.893,81.044
26.88,81.039
26.869,81.054
26.924,81.061
26.845,81.066
26.899,81.09
26.89,81.057
26.893,81.069
26.874,81.026
26.876,81.008
26.865,81.037
26.846,81.065
26.857,81.041
26.846,81.065
26.877,81.035
26.874,81.026
26.882,81.008
26.836,81.064
26.874,81.017
26.872,81.03
26.876,81.054
26.887,81.001
26.874,81.023
26.851,81.066
26.879,81.016
26.855,81.04
26.866,81.059
26.856,81.046
26.877,81.055
26.893,81.044
26.87,81.048
26.885,81.001
26.875,81.054
26.895,81.011
26.89,81.009
26.857,81.024
26.895,81.015
26.885,81.016
26.876,81.055
26.897,81.012
26.878,81.018
26.892,81.072
26.874,81.018
26.887,81.034
26.885,81.015
26.916,81.033
26.877,81.055
26.875,81.056
26.857,81.04
26.845,81.066
26.863,81.034
26.846,81.071
26.836,81.064
26.898,81.088
26.874,81.014
26.875,81.027
26.895,81.069
26.885,81.016
26.877,81.054
26.887,81.054
26.887,81.075
26.885,81.015
26.887,81.01
26.874,81.02
26.882,81.023
26.896,81.011
26.858,81.037
26.898,81.067
26.865,81.037
26.889,81.058
26.872,81.041
26.876,81.036
26.876,81.036
26.833,81.063
26.887,81.057
26.883,81.057
26.881,81.002
26.909,81.032
26.885,81.015
26.857,81.027
26.885,81.015
26.888,81.055
26.87,81.036
26.877,81.01
26.873,81.039
26.868,81.055
26.919,81.04
26.876,81.055
26.921,81.034
26.873,81.026
26.874,81.025
26.876,81.055
26.865,81.037
26.877,81.035
26.876,81.055
26.879,81.011
26.873,81.03
26.846,81.067
26.907,81.052
26.883,81.079
26.897,81.02
26.875,81.055
26.875,81.011
26.879,81.012
26.887,81.006
26.87,81.033
26.892,81.011
26.851,81.064
26.889,81.034
26.884,81.036
26.85,81.023
26.896,81.087
26.85,81.032
26.882,81.013
26.878,81.003
26.876,81.013
26.896,81.029
26.873,81.038
26.851,81.033
26.876,81.013
26.876,81.054
26.85,81.057
26.879,81.057
26.895,81.038
26.85,81.025
26.854,81.04
26.863,81.034
26.876,81.055
26.885,81.068
26.875,81.036
26.847,81.067
26.873,81.038
26.874,81.026
26.851,81.032
26.875,81.055
26.897,81.022
26.865,81.038
26.894,81.028
26.897,81.022
26.868,81.045
26.876,81.044
26.892,81.047
26.878,81.018
26.895,81.071
26.886,81.061
26.897,81.013
26.88,81.012
26.881,81.013
26.893,81.011
26.881,81.018
26.885,81.037
26.893,81.054
26.86,81.063
26.89,81.064
26.844,81.068
26.844,81.068
26.881,81.012
26.892,81.072
26.875,81.055
26.887,81.006
26.86,81.047
26.877,81.055
26.881,81.007
26.87,81.036
26.873,81.032
26.878,81.062
26.889,81.058
26.877,81.055
26.873,81.032
26.888,81.053
26.883,81.079
26.879,81.062
26.865,81.028
26.865,81.014
26.873,81.013
26.866,81.005
26.873,81.02
26.86,81.024
26.868,81.021
26.863,81.017
26.863,80.999
26.862,81.014
26.868,81.01
26.868,81.001
26.868,81
26.867,81.028
26.866,81.013
26.873,81.023
26.868,81.021
26.873,80.996
26.86,81.023
26.868,81.026
26.868,81.026
26.87,81.015
26.871,81.014
26.871,81.021
26.867,81.029
26.873,81.006
26.861,81.023
26.867,81.023
26.863,81.029
26.866,81.013
26.87,81.014
26.869,81.003
26.866,81.014
26.866,81.013
26.863,80.998
26.869,80.999
26.868,81
26.865,81.029
26.861,81.027
26.863,80.998
26.866,81.013
26.859,81.022
26.866,81.005
26.863,81.001
26.866,81.013
26.866,81.013
26.859,81.019
26.87,81.025
26.865,81.023
26.868,81.002
26.866,81.013
26.866,81.013
26.874,81.024
26.869,80.999
26.868,81
26.866,81.01
26.868,81.003
26.865,81.024
26.873,81.006
26.87,81.007
26.862,81.028
26.872,80.999
26.864,80.996
26.872,81.02
26.862,81.009
26.87,81.014
26.872,81.014
26.869,80.999
26.861,81.023
26.873,81.006
26.869,80.999
26.863,81.022
26.864,81.01
26.869,80.999
26.871,80.999
26.868,81.021
26.869,80.999
26.866,81.027
26.865,80.996
26.861,81.011
26.873,81.022
26.866,81.006
26.86,81.003
26.863,81.018
26.873,81.008
26.869,81.004
26.866,81.005
26.868,80.998
26.866,81.005
26.865,81.024
26.861,81.023
26.868,80.998
26.868,81.021
26.867,81.028
26.863,81.028
26.866,81.005
26.868,81.013
26.867,81.014
26.869,81.016
26.868,81.002
26.863,81.02
26.868,81.024
26.873,81.024
26.873,81.023
26.865,81.008
26.868,80.999
26.859,81.028
26.869,80.999
26.869,80.999
26.868,81.019
26.872,81.012
26.873,81.006
26.87,81.007
26.868,81.002
26.87,81.026
26.863,81.029
26.861,81.023
26.873,81.006
26.873,81.013
26.857,81.019
26.869,81.004
26.869,81
26.863,81.001
26.868,81.013
26.863,81.012
26.868,81.019
26.871,81.014
26.867,81.009
26.866,81.013
26.868,81.013
26.863,81.018
26.86,81.021
26.867,81.03
26.864,81.013
26.866,81.005
26.872,81.015
26.86,81.018
26.869,81.007
26.865,81.024
26.863,81.018
26.863,81.018
26.86,81.023
26.865,81.014
26.872,80.997
26.863,81.032
26.871,81.023
26.861,81.023
26.866,81.013
26.865,81.027
26.859,81.022
26.868,81.002
26.872,81.023
26.868,81.013
26.863,81.001
26.869,80.999
26.862,81.02
26.873,81.006
26.867,81.028
26.867,81.007
26.873,81.006
26.86,81.023
26.867,81.028
26.869,80.999
26.862,81.001
26.866,80.999
26.868,81.006
26.869,81.002
26.858,81.022
26.866,81.016
26.863,80.999
26.865,81.023
26.866,81.005
26.864,80.998
26.868,81.019
26.873,81.01
26.866,81.013
26.863,81.028
26.862,81.013
26.873,81.015
26.873,81.019
26.857,81.019
26.864,81.015
26.867,81.013
26.863,81.029
26.868,81.001
26.866,81.028
26.868,81.017
26.866,81.028
26.867,81.028
26.862,81.02
26.863,81.029
26.873,81.023
26.863,81.02
26.859,81.029
26.865,81.012
26.873,81.023
26.873,81.024
26.862,81.021
26.873,81.023
26.872,80.996
26.862,81.01
26.869,81.002
26.86,81.027
26.864,81.02
26.868,81.002
26.873,81.017
26.86,81.027
26.868,81.003
26.866,81.013
26.869,81.016
26.869,80.999
26.869,80.999
26.863,80.998
26.868,81
26.866,81.005
26.87,81.018
26.861,81.023
26.865,80.998
26.87,81.014
26.869,80.999
26.869,80.999
26.86,81.027
26.869,80.999
26.869,81.019
26.872,80.999
26.868,81.002
26.864,81.015
26.867,81.009
26.864,81.015
26.868,81
26.868,81
26.864,81.023
26.868,81.021
26.863,81.02
26.873,81.006
26.868,81
26.868,81
26.859,81.022
26.873,81.023
26.868,81.014
26.866,81.005
26.87,81.018
26.871,81.019
26.868,81.002
26.868,81.002
26.871,80.999
26.87,81.014
26.868,81.006
26.859,81.019
26.873,81.023
26.87,81.007
26.873,81.006
26.868,81.001
26.863,81.001
26.874,81.023
26.864,81.013
26.868,81.015
26.863,81.017
26.861,81.023
26.864,81.017
26.863,81.017
26.867,81.016
26.867,81.016
26.873,81.013
26.866,81.005
26.869,81.016
26.87,81.025
26.865,81.024
26.868,81.028
26.867,81.014
26.859,81.02
26.859,81.021
26.862,81.021
26.87,81.025
26.863,81.029
26.87,81.025
26.863,81.02
26.866,81.005
26.868,81
26.869,81.002
26.872,80.997
26.861,81.023
26.867,81.013
26.873,81.007
26.861,81.002
26.868,81.006
26.868,81.013
26.871,81.016
26.866,81.014
26.86,81.027
26.864,81.019
26.873,81.011
26.868,81.002
26.868,81.002
26.871,81.016
26.861,81.023
26.861,81.023
26.865,81.023
26.871,80.997
26.86,81.011
26.862,81.023
26.864,81.005
26.866,81.005
26.869,81.002
26.868,81.002
26.868,81.001
26.862,81.017
26.86,81.004
26.86,81.025
26.871,81.021
26.861,81.025
26.859,81.019
26.868,81.006
26.862,81.029
26.859,81.019
26.866,81.006
26.866,81.005
26.869,81.016
26.872,80.996
26.866,81.013
26.868,81.006
26.864,81.01
26.868,81.002
26.865,80.996
26.868,81.002
26.869,80.998
26.867,81.013
26.867,81.009
26.873,81.006
26.861,81.023
26.866,81.006
26.866,81.013
26.871,81.014
26.867,81.017
26.867,81.014
26.868,81.006
26.868,81.001
26.865,81.024
26.862,81.009
26.865,81.014
26.866,81.014
26.861,81.023
26.86,81.023
26.862,81.029
26.874,81.023
26.863,81.02
26.873,81.023
26.868,81.006
26.867,81.028
26.873,81.013
26.868,81.006
26.869,80.999
26.868,81.006
26.866,81.013
26.865,81.008
26.866,81.005
26.866,81.014
26.868,81.015
26.863,81.02
26.865,81.024
26.863,81.028
26.867,81.03
26.865,81.027
26.868,81.021
26.866,81.013
26.863,81.008
26.863,81.018
26.869,80.999
26.858,81.02
26.873,81.013
26.872,81.016
26.866,81.03
26.865,81.013
26.871,81.015
26.865,81.016
26.863,81.029
26.869,80.999
26.861,81.002
26.859,81.019
26.865,81.013
26.866,81.005
26.858,81.019
26.867,81.014
26.869,80.999
26.874,81.023
26.867,81.03
26.868,81.002
26.87,80.997
26.872,81
26.862,81.02
26.869,80.999
26.865,81.023
26.862,81.021
26.862,81.021
26.873,81.024
26.866,81.013
26.862,80.998
26.867,81.028
26.869,80.999
26.868,81.013
26.866,81.013
26.863,81.024
26.87,81.012
26.868,81.003
26.862,81.011
26.859,81.019
26.863,81.028
26.869,80.999
26.863,81.008
26.872,80.996
26.862,81.014
26.86,81.013
26.868,81.01
26.868,81.01
26.871,81.014
26.862,81.009
26.858,81.021
26.872,81.006
26.864,81.015
26.864,81.015
26.866,81.015
26.868,81.005
26.866,81.03
26.866,81.005
26.868,81.019
26.863,81.02
26.863,81.001
26.868,81.013
26.871,81.014
26.868,81.015
26.868,81.006
26.868,81.006
26.861,81.022
26.858,81.016
26.869,81.002
26.868,81.002
26.87,81.014
26.868,81.002
26.873,81.01
26.868,81.006
26.868,81.006
26.86,81.023
26.86,81.003
26.868,81.008
26.868,81
26.867,81.013
26.867,81.013
26.867,81.014
26.868,81.002
26.868,81.002
26.867,81.003
26.869,81.007
26.868,81.006
26.867,81.03
26.868,81.019
26.862,81.024
26.867,81.013
26.861,81.023
26.865,81.028
26.872,81.006
26.868,81.006
26.865,81.024
26.867,81.028
26.867,81.022
26.86,81.013
26.862,81.02
26.873,81.023
26.864,81.006
26.866,81.005
26.866,80.996
26.866,81.013
26.865,81.024
26.868,81.013
26.868,81.006
26.865,81.024
26.867,81.02
26.869,80.999
26.873,81.023
26.87,81.012
26.873,81.01
26.872,81.01
26.872,81.012
26.872,81.01
26.87,81.011
26.867,81.001
26.87,81.022
26.868,81.002
26.86,81.022
26.867,81.013
26.874,81.025
26.859,81.022
26.867,81.029
26.868,81.002
26.871,81.014
26.866,81.014
26.87,81.021
26.868,80.999
26.861,81.022
26.868,81.006
26.872,81.016
26.864,81.029
26.867,81.028
26.873,81.006
26.866,81.013
26.873,81
26.863,80.999
26.866,81.005
26.868,81.013
26.872,81.025
26.859,81.022
26.868,81.006
26.868,81.006
26.87,81.017
26.868,81.021
26.864,81.006
26.868,81.027
26.873,81.006
26.859,81.021
26.863,80.998
26.873,81.026
26.868,81.006
27.503,80.836
26.869,81.016
26.866,81.005
26.872,81.016
26.866,80.996
26.866,81.013
26.859,81.022
26.868,80.999
26.866,81.013
26.868,81.017
26.865,81.024
26.862,81.013
26.864,81.015
26.863,80.998
26.869,81.002
26.868,81.011
26.868,81.006
26.865,81.012
26.862,81.026
26.867,81.013
26.863,80.996
26.683,81.246
26.867,81.013
26.863,81.029
26.867,81.028
26.856,81.021
26.863,81.001
26.861,81.023
26.872,80.996
26.873,81.021
26.868,81.006
26.866,81.005
26.86,81.021
26.861,81.024
26.873,81.013
26.868,81.002
26.868,81.002
26.868,81.026
26.866,81.005
26.864,81.015
26.863,81.009
26.867,81.003
26.859,81.021
26.868,81.006
26.857,81.02
26.868,81.006
26.865,81.012
26.866,81.005
26.867,81.013
26.87,81.007
26.866,81.028
26.868,81.03
26.868,81.006
26.872,81.007
26.86,81.03
26.866,81.005
26.873,81.006
26.868,81.011
26.873,81.024
26.873,81.015
26.868,81.001
26.864,81.031
26.866,81.012
26.866,81.005
26.866,81.013
26.873,81.023
26.869,80.999
26.865,81.023
26.866,81.013
26.861,81.023
26.868,81.006
26.869,80.999
26.861,81.023
26.871,81.025
26.866,81.013
26.866,81.028
26.868,81.017
26.866,81.03
26.865,81.024
26.867,81.013
26.866,81.013
26.867,81.013
26.865,81.024
26.862,81.026
26.864,81.015
26.87,80.997
26.866,81.005
26.867,81.022
26.868,81.019
26.873,81.01
26.873,81.012
26.868,81.006
26.863,81.001
26.86,81.027
26.868,81.021
26.87,81.024
26.869,81.002
26.872,81.015
26.861,81.023
26.867,81.013
26.865,81.014
26.865,81.023
26.863,81
26.863,81.019
26.863,81.019
26.862,81.026
26.868,81.021
26.867,81.02
26.863,81.009
26.862,81.007
26.864,81.019
26.868,81.007
26.864,81.028
26.867,81.013
26.863,81.02
26.868,81.014
26.86,81.023
26.864,81.015
26.867,81.014
26.861,81.023
26.868,81
26.866,81.014
26.86,81.023
26.87,80.997
26.872,81.006
26.866,81.005
26.872,81.02
26.868,81.011
26.87,81.019
26.868,81.019
26.864,81.028
26.873,81.01
26.869,81.018
26.872,81.014
26.867,81.015
26.869,80.999
26.865,81.023
26.868,81.002
26.868,81.002
26.866,81.006
26.872,81.015
26.863,80.999
26.87,81.007
26.869,81.002
26.863,80.998
26.869,81.018
26.867,81.014
26.86,81.003
26.873,81.017
26.866,81.005
26.865,81.024
26.873,81.013
26.873,81.014
26.872,81.021
26.861,81.023
26.866,81.005
26.868,81.002
26.874,81.023
26.864,81.028
26.868,81.008
26.863,81.027
26.866,81.015
26.867,81.013
26.867,81.013
26.868,81.002
26.859,81.019
26.866,81.002
26.864,81.019
26.866,81
26.857,81.021
26.859,81.022
26.867,81
26.868,80.999
26.865,81.028
26.863,81.02
26.863,81.018
26.863,81.029
26.872,80.997
26.862,81.014
26.86,81.013
26.868,81.01
26.866,81.005
26.865,81.028
26.867,81.013
26.867,81.003
26.868,81.001
26.866,81.005
26.866,81.025
26.873,81.006
26.863,81.001
26.868,81.021
26.864,81.019
26.871,81.005
26.871,81.005
26.867,81.013
26.868,81.002
26.866,81.007
26.864,80.996
26.866,81.005
26.867,81.014
26.865,81.008
26.87,80.996
26.866,81.014
26.872,81.006
26.866,81.013
26.868,81.013
26.866,81.01
26.87,81.007
26.858,81.018
26.863,81.029
26.868,81.002
26.866,81.005
26.863,80.999
26.866,81.005
26.863,81.003
26.864,81.01
26.866,81.005
26.868,81.023
26.87,81.025
26.866,81.013
26.862,81.011
26.867,81.022
26.869,80.999
26.863,81.028
26.86,81.003
26.864,81.011
26.872,81.006
26.866,81.026
26.864,81.006
26.864,80.998
26.873,81.023
26.863,81.001
